{"timestamps": [1517541554.75627], "initial_reset_timestamp": 1517541524.065806, "episode_types": ["t", "t"], "episode_lengths": [132], "episode_rewards": [-0.8215664080596321]}